No.,문항,구분
1,주기적으로 새로운 친구를 사귄다.,16 Personalities
2,단순하고 직관적인 아이디어보다는 복잡하고 참신한 아이디어에 흥미를 느낀다.,16 Personalities
3,일반적으로 사실에 기반한 주장보다 감정적으로 공감 가는 내용이 더 설득력 있다고 느낀다.,16 Personalities
4,생활 공간과 업무 공간이 깨끗하게 정돈되어 있다.,16 Personalities
5,압박감이 심한 환경에서도 평정심을 유지하는 편이다.,16 Personalities
6,모르는 사람과 관계를 맺거나 남에게 나를 알리는 것은 매우 부담스럽다.,16 Personalities
7,"효과적으로 작업을 계획하고 우선순위를 정하며, 마감 기한보다 훨씬 일찍 작업을 완료할 때가 많다.",16 Personalities
8,숫자나 데이터보다는 사람들의 이야기와 감정이 마음에 더 와닿는다.,16 Personalities
9,일정이나 목록 등 일을 체계화할 수 있는 도구를 사용하는 것을 좋아한다.,16 Personalities
10,작은 실수로도 나의 능력이나 지식을 의심할 때가 있다.,16 Personalities
11,관심이 가는 사람에게 다가가서 대화를 시작하는 것이 불편하지 않다.,16 Personalities
12,창작물의 다양한 해석에 대해 토론하는 것에는 큰 관심이 없다.,16 Personalities
13,행동 계획을 결정할 때 사람들의 감정보다는 사실을 우선한다.,16 Personalities
14,계획 없이 하루를 보낼 때가 많다.,16 Personalities
15,다른 사람에게 내가 어떤 사람으로 보일지 걱정하는 경우는 드물다.,16 Personalities
16,팀 기반 활동에 참여하는 것을 좋아한다.,16 Personalities
17,새롭고 검증되지 않은 방법을 실험하는 것을 좋아한다.,16 Personalities
18,100% 솔직한 사람이 되기보다는 세심한 사람이 되는 것을 우선시한다.,16 Personalities
19,탐구할 만한 지식 분야와 새로운 경험을 적극적으로 추구한다.,16 Personalities
20,일이 잘못될까봐 자주 걱정하는 편이다.,16 Personalities
21,단체 활동보다 혼자서 하는 취미나 활동을 더 좋아한다.,16 Personalities
22,내가 소설가로 일하는 모습은 상상할 수 없다.,16 Personalities
23,감정적 측면을 다소 무시하더라도 의사 결정의 효율성을 중시한다.,16 Personalities
24,휴식을 취하기 전에 먼저 해야 할 일을 마치는 것을 선호한다.,16 Personalities
25,의견 차이가 존재하는 경우에는 다른 사람의 감정을 지켜주기보다는 나의 주장을 입증하는 것을 우선시한다.,16 Personalities
26,일반적으로 사교 모임에서는 다른 사람들이 먼저 다가오기를 기다린다.,16 Personalities
27,감정이 매우 빠르게 변할 때가 있다.,16 Personalities
28,감정적인 논쟁에 쉽게 동요하지 않는다.,16 Personalities
29,해야 할 일을 마지막까지 미룰 때가 많다.,16 Personalities
30,윤리적 딜레마에 대해 토론하는 것을 좋아한다.,16 Personalities
31,일반적으로 혼자 있는 것보다는 다른 사람과 어울리는 것을 선호한다.,16 Personalities
32,논의가 지나치게 이론적으로 진행되면 지루해 하거나 흥미를 잃는다.,16 Personalities
33,사실과 감정이 충돌할 때는 감정에 따라 행동하는 편이다.,16 Personalities
34,업무나 학업 일정을 일관성 있게 유지하는 것이 어렵다.,16 Personalities
35,이미 내린 결정에 대해서 다시 생각하는 경우는 드물다.,16 Personalities
36,친구들은 내가 활기차고 외향적인 사람이라고 말할 것이다.,16 Personalities
37,글쓰기 등 창의성을 표현하는 다양한 형태의 활동에 관심이 있다.,16 Personalities
38,일반적으로 감정보다는 객관적인 사실에 기반해 결정을 내린다.,16 Personalities
39,매일 할 일을 계획하는 것이 좋다.,16 Personalities
40,불안함을 느끼는 경우는 드물다.,16 Personalities
41,전화를 거는 일은 피하려고 한다.,16 Personalities
42,생소한 아이디어와 관점을 탐구하는 것을 좋아한다.,16 Personalities
43,방금 만난 사람과도 쉽게 친해질 수 있다.,16 Personalities
44,계획에 차질이 생기는 경우에는 최대한 신속하게 원래 계획대로 진행하는 것을 최우선으로 한다.,16 Personalities
45,오래전의 실수에 대해 여전히 후회하곤 한다.,16 Personalities
46,미래의 세상이 어떤 모습일지에 대해 이론적으로 논의하는 것에는 크게 관심이 없다.,16 Personalities
47,감정을 통제하기보다는 감정에 휘둘리곤 한다.,16 Personalities
48,결정을 내릴 때는 가장 논리적이고 효율적인 결정보다는 관련자들의 감정에 집중한다.,16 Personalities
49,계획에 따라 일관성 있게 업무를 진행하기보다는 즉흥적인 에너지로 업무를 몰아서 처리하는 편이다.,16 Personalities
50,상대방이 나를 높게 평가하면 나중에 상대방이 실망하게 될까 걱정하곤 한다.,16 Personalities
51,대부분의 시간을 혼자서 일할 수 있는 직업을 원한다.,16 Personalities
52,추상적인 철학적 질문에 대해 깊게 생각하는 것은 시간 낭비라고 생각한다.,16 Personalities
53,조용하고 사적인 장소보다는 사람들로 붐비고 떠들썩한 장소에 마음이 더 끌린다.,16 Personalities
54,어떤 결정이 옳다고 생각하면 추가적인 근거 없이 행동으로 옮기는 경우가 많다.,16 Personalities
55,강한 압박감을 느끼는 경우가 많다.,16 Personalities
56,단계를 건너뛰지 않고 체계적으로 일을 완수한다.,16 Personalities
57,구체적인 단계를 따르기보다는 창의적인 해결책을 생각해 내야 하는 작업을 선호한다.,16 Personalities
58,결정을 내릴 때 논리적인 추론보다는 감정적인 직관에 더 의지하는 경향이 있다.,16 Personalities
59,마감 기한을 지키기가 힘들다.,16 Personalities
60,모든 일이 잘 풀릴 것이라는 자신감이 있다.,16 Personalities
61,나는 걱정이 많은 편이다.,Big Five
62,나는 쉽게 친구를 사귀는 편이다.,Big Five
63,나는 상상력이 풍부한 편이다.,Big Five
64,나는 다른 사람들을 신뢰하는 편이다.,Big Five
65,나는 일을 제대로 끝 마치는 편이다.,Big Five
66,나는 쉽게 화를 내는 편이다.,Big Five
67,나는 다른 사람들이 많은 파티를 좋아하는 편이다.,Big Five
68,나는 예술이 중요하다고 믿는 편이다.,Big Five
69,나는 내 목적을 위해 다른 사람들을 이용하는 편이다.,Big Five
70,나는 정리하는 것을 좋아하는 편이다.,Big Five
71,나는 종종 우울함을 느끼는 편이다.,Big Five
72,나는 리더로서 자질을 가졌다고 생각하는 편이다.,Big Five
73,나는 종종 감정에 지배당하는 편이다.,Big Five
74,나는 남을 돕는 것을 좋아하는 편이다.,Big Five
75,나는 약속을 잘 지키는 편이다.,Big Five
76,나는 다른 사람에게 다가가는 것을 어려워하는 편이다.,Big Five
77,나는 항상 바쁜 편이다.,Big Five
78,나는 틀에 박히지 않은 것을 좋아하는 편이다.,Big Five
79,나는 건강한 논쟁을 즐기는 편이다.,Big Five
80,나는 열심히 일하는 편이다.,Big Five
81,나는 폭식을 하는 편이다.,Big Five
82,나는 신나는 걸 좋아하는 편이다.,Big Five
83,나는 도전적인 자료를 읽는 것을 좋아하는 편이다.,Big Five
84,나는 내가 다른 사람보다 낫다고 믿는 편이다.,Big Five
85,나는 항상 준비되어있는 편이다.,Big Five
86,나는 공황 상태에 쉽게 빠지는 편이다.,Big Five
87,"나는 기쁠 때, 티내는 편이다.",Big Five
88,나는 진보적인 정치가에게 투표하는 경향이 있는 편이다.,Big Five
89,나는 노숙자들에게 동정을 느끼는 편이다.,Big Five
90,나는 앞뒤 생각 없이 뛰어드는 경향이 있는 편이다.,Big Five
91,나는 안 좋은 일에 대해 두려워하는 편이다.,Big Five
92,"나는 다른 사람들 주변에 있을 때, 편안함을 느끼는 편이다.",Big Five
93,나는 공상의 나래를 즐기는 편이다.,Big Five
94,나는 다른 사람들이 좋은 의도를 가지고 있다고 믿는 편이다.,Big Five
95,나는 내가 하는 일에 대해 남들보다 뛰어난 편이다.,Big Five
96,나는 쉽게 짜증을 내는 편이다.,Big Five
97,나는 파티에서 많은 다른 사람들과 이야기를 하는 편이다.,Big Five
98,나는 다른 사람들이 알아차리지 못하는 것에서 아름다움을 보는 편이다.,Big Five
99,나는 원하는 것을 얻기 위해 부정 행위를 하는 편이다.,Big Five
100,나는 물건을 제자리에 놓는 것을 종종 잊어버리는 편이다.,Big Five
101,나는 내 자신을 싫어하는 편이다.,Big Five
102,나는 다른 사람들을 이끄려고 노력하는 편이다.,Big Five
103,나는 다른 사람들의 감정에 공감하는 편이다.,Big Five
104,나는 다른 사람들을 걱정하는 편이다.,Big Five
105,나는 진실대로 말하는 편이다.,Big Five
106,나는 나에 대해 관심을 가지는 것을 두려워하는 편이다.,Big Five
107,나는 언제나 바쁘게 움직이는 편이다.,Big Five
108,나는 내가 아는 것에 생각하는 것을 선호하는 편이다.,Big Five
109,나는 다른 사람들에게 호통치는 편이다.,Big Five
110,나는 내게 기대했던 것 보다 더 많은 일을 하는 편이다.,Big Five
111,나는 과식을 하지 않는 편이다.,Big Five
112,나는 무언가 색다른 일을 찾아 다니는 편이다.,Big Five
113,나는 철학적인 논쟁을 피하는 편이다.,Big Five
114,나는 내 자신을 높게 평가하는 편이다.,Big Five
115,나는 내 계획들을 잘 실행하는 편이다.,Big Five
116,나는 어떤 일 때문에 어쩔 줄 모르게 되는 편이다.,Big Five
117,나는 재미있는 사람인 편이다.,Big Five
118,나는 절대적으로 옮고 그름은 없다고 믿는 편이다.,Big Five
119,나는 나보다 가난한 사람에게 동정을 느끼는 편이다.,Big Five
120,나는 성급하게 결정을 내리는 편이다.,Big Five
121,나는 많은 것들을 두려워하는 편이다.,Big Five
122,나는 다른 사람들과 접촉을 피하는 편이다.,Big Five
123,나는 몽상을 좋아하는 편이다.,Big Five
124,나는 다른 사람들이 말하는 것을 믿는 편이다.,Big Five
125,나는 일을 매끄럽게 처리하는 편이다.,Big Five
126,나는 화가날 때 평정을 유지하기 어려운 편이다.,Big Five
127,나는 혼자 있는게 더 좋은 편이다.,Big Five
128,나는 시를 좋아하지 않는 편이다.,Big Five
129,나는 다른 사람들을 이용하는 편이다.,Big Five
130,나는 내 방을 어지르는 편이다.,Big Five
131,나는 자주 의기소침하는 편이다.,Big Five
132,나는 일을 내가 원하는대로 추진하려고 하는 편이다.,Big Five
133,나는 내 감정에 대해 둔한 편이다.,Big Five
134,나는 다른 사람들의 감정에 대해 무관심한 편이다.,Big Five
135,나는 규칙을 어기는 편이다.,Big Five
136,나는 친구들과 함께 있을 때 편안함을 느끼는 편이다.,Big Five
137,나는 여가 시간에 많은 것을 하는 편이다.,Big Five
138,나는 변화가 싫은 편이다.,Big Five
139,나는 다른 사람들을 욕하는 편이다.,Big Five
140,나는 그럭 저럭 살아갈 만큼 일하는 편이다.,Big Five
141,나는 유혹에 잘 빠져들지 않는 편이다.,Big Five
142,나는 앞 뒤 재지 않고 행동하는 편이다.,Big Five
143,나는 추상적인 개념을 이해하는 것이 어려운 편이다.,Big Five
144,나는 나 자신이 괜찮은 사람이라 생각하는 편이다.,Big Five
145,나는 내 시간을 낭비하는 편이다.,Big Five
146,나는 내가 일을 감당할 수 없다고 느끼는 편이다.,Big Five
147,나는 살아있는게 좋은 편이다.,Big Five
148,나는 보수적인 정치인에게 투표하는 경향이 있는 편이다.,Big Five
149,나는 남들의 문제에 관심이 없는 편이다.,Big Five
150,나는 서둘러 일을 처리하는 편이다.,Big Five
151,나는 쉽게 스트레스를 받는 편이다.,Big Five
152,나는 남과 거리를 두는 편이다.,Big Five
153,나는 사색에 잠기는 것을 즐기는 편이다.,Big Five
154,나는 다른 사람들을 잘 믿지 않는 편이다.,Big Five
155,나는 일을 어떻게 해나가야하는지 잘 아는 편이다.,Big Five
156,나는 쉽게 짜증 내지 않는 편이다.,Big Five
157,나는 다른 사람들이 많은 곳을 피하는 편이다.,Big Five
158,나는 미술관에 가는 것을 좋아하지 않는 편이다.,Big Five
159,나는 다른 사람들의 계획을 방해하는 편이다.,Big Five
160,나는 내 물건을 잘 잃어버리는 편이다.,Big Five
161,나는 내 자신에 대해 편안함을 느끼는 편이다.,Big Five
162,나는 남들이 앞서길 기다리는 편이다.,Big Five
163,나는 감정적인 사람들이 이해 못 하는 편이다.,Big Five
164,나는 남을 위해 시간을 들이지 않는 편이다.,Big Five
165,나는 약속을 어기는 편이다.,Big Five
166,나는 어려운 사회 상황에 개의치 않는 편이다.,Big Five
167,나는 느긋하게 지내는 것을 좋아하는 편이다.,Big Five
168,나는 전통적인 방식에 대해 애착을 가지고 있는 편이다.,Big Five
169,나는 당한 것에 대해 남들에게 (앙)갚는 편이다.,Big Five
170,나는 내 일에 시간과 노력을 들이지 않는 편이다.,Big Five
171,나는 내 갈망을 조절 할 수 있는 편이다.,Big Five
172,나는 미친 듯이 행동하는 편이다.,Big Five
173,나는 이론적인 토론에 대해 관심이 없는 편이다.,Big Five
174,나는 내 선행에 대해 자랑하는 편이다.,Big Five
175,나는 작업을 시작하는데 어려움이 있는 편이다.,Big Five
176,나는 중압감 속에서 침착함을 유지하는 편이다.,Big Five
177,나는 인생을 긍정적으로 바라보는 편이다.,Big Five
178,나는 우리가 범죄에 엄격해야한다고 믿는 편이다.,Big Five
179,나는 가난한 사람에 대해 별로 생각하고 싶지 않아하는 편이다.,Big Five
180,나는 별 생각 없이 행동하는 편이다.,Big Five
181,나는 나의 모든 작업에서 정확성과 정밀성을 위해 노력한다.,Enneagram
182,나는 내 작업의 가장 작은 불일치와 오류까지도 알아차린다.,Enneagram
183,나는 긴박한 마감 기한에도 높은 기준을 유지할 수 있다.,Enneagram
184,나는 내 작업이 필요한 기준을 충족하는지 자주 확인한다.,Enneagram
185,시스템 또는 프로세스를 개선하고 다듬는 것이 나의 우선순위이다.,Enneagram
186,나는 실수가 발생할 때 나 자신이나 다른 사람에게 비판적일 수 있다.,Enneagram
187,작업을 완료하기 전에 모든 세부 사항이 올바르다고 확인하는 것은 나에게 중요하다.,Enneagram
188,나는 종종 이미 효율적이라고 여겨지는 방식을 개선할 방법을 찾는다.,Enneagram
189,피드백을 받았을 때 나는 개선 방식을 이해하기 위한 세부 내용에 집중한다.,Enneagram
190,"내 업무 환경은 정돈되어 있으며, 모든 것이 지정된 위치에 있다.",Enneagram
191,나는 다른 사람의 이익을 위해 오류를 정정할 강한 책임감을 느낀다.,Enneagram
192,나는 종종 다른 사람들이 실수를 찾고 고치는 데 의지하는 사람이다.,Enneagram
193,나는 누군가 감정적인 지원을 필요로 할 때 자연스럽게 알아차린다.,Enneagram
194,나는 대가를 바라지 않고 다른 사람을 적극적으로 돕는다.,Enneagram
195,다른 사람들이 관심받는다고 느끼게 하는 것은 내 관계의 우선순위이다.,Enneagram
196,나는 친밀하고 개인적인 관계를 구축하고 유지하는 것이 쉽다.,Enneagram
197,나는 종종 다른 사람의 필요를 나의 필요보다 우선으로 여긴다.,Enneagram
198,나는 다른 사람들을 향해 애정과 관심을 편하게 표현한다.,Enneagram
199,내 행복은 내가 사랑하는 사람들의 행복과 밀접한 연관이 있다.,Enneagram
200,위로나 조언을 찾는 사람들이 종종 나를 찾아온다.,Enneagram
201,다른 사람을 돕는 것은 내가 가치 있다고 느끼며 충족된다고 느끼게 한다.,Enneagram
202,내 기여에 대한 감사를 받는 것이 나에게 중요하다.,Enneagram
203,목표를 설정하고 성취하는 것은 내가 성공을 정의하는 방식의 근본적인 부분이다.,Enneagram
204,나는 내 야망과 성공을 위한 열망에 이끌린다.,Enneagram
205,나는 내 성취를 인정받는 것이 즐겁다.,Enneagram
206,나는 적응력이 뛰어나고 다양한 업무와 역할에서 뛰어난 성과를 보인다.,Enneagram
207,나는 효율성과 생산성을 개선할 방법을 꾸준히 찾는다.,Enneagram
208,동료들로부터 성공적이라는 평가를 듣는 것이 나에게 중요한 동기 부여 요소가 된다.,Enneagram
209,나는 현재의 목표가 달성되면 적극적으로 새로운 목표를 만들고 추구한다.,Enneagram
210,나는 더 효과적으로 목표를 달성할 수 있는 경우에 내 접근 방식을 조정한다.,Enneagram
211,내 창의력은 종종 내 감정적인 경험에 의해 유발된다.,Enneagram
212,나는 업무 또는 예술적 시도에서 나의 개성을 표현해야 한다.,Enneagram
213,나는 아름다움에 매료되며 나에게 영감을 주는 아름다움으로 나를 둘러싼다.,Enneagram
214,나는 무언가 새로운 것을 만들 때 살아있음을 가장 강하게 느낀다.,Enneagram
215,나의 개인적인 스타일은 나의 고유한 정체성을 반영한다.,Enneagram
216,나는 종종 다른 사람들이 간과할 수 있는 부분에서 창의적인 영감을 얻는다.,Enneagram
217,나는 내 창의성에 자신이 있으며 나의 고유한 시각을 믿는다.,Enneagram
218,나는 나의 창의적인 프로젝트를 다듬고 강화하기 위해 적극적으로 피드백을 구한다.,Enneagram
219,나는 상황에 개입하기 전에 관찰 및 분석하는 것을 선호한다.,Enneagram
220,나는 정보에 입각한 결정을 내리기 위해 데이터를 수집하고 분석한다.,Enneagram
221,나는 철저한 분석과 연구를 통해 복잡한 문제를 해결하는 것을 즐긴다.,Enneagram
222,나는 문제를 완전히 조사하기 전까지는 내 통찰력을 공유하는 데 신중하다.,Enneagram
223,나는 나의 흥미 또는 전문 영역의 깊이와 복잡성에 가치를 둔다.,Enneagram
224,나는 사심 없이 상황이나 문제를 분석할 수 있다.,Enneagram
225,나는 종종 일의 작동 방식을 이해하기 위해 기본 원리 또는 패턴을 찾는다.,Enneagram
226,사생활과 혼자 생각할 시간은 나에게 필수적이다.,Enneagram
227,나는 사회적 상호작용보다 아이디어와 개념에 더 흥미를 느낀다.,Enneagram
228,나는 잠재적인 위험을 경계하고 언제나 만일의 사태에 대비한다.,Enneagram
229,나는 내 환경과 관계에서 안전과 안정을 추구한다.,Enneagram
230,나는 특히 내가 신뢰하는 사람들에게 충성심이 높고 헌신적이다.,Enneagram
231,나는 결정을 내리기 전에 일어날 수 있는 모든 결과와 위험을 고려한다.,Enneagram
232,나는 역할에 안정감을 느끼기 위해 명확한 지침과 기대를 선호한다.,Enneagram
233,나는 때때로 잘못된 선택을 하는 것이 두려워서 조치를 취하기를 망설인다.,Enneagram
234,예측 가능성과 틀이 안정감을 주기 때문에 나는 이를 가치 있게 여긴다.,Enneagram
235,나는 종종 진행하기 전에 다른 사람의 조언이나 확신을 구한다.,Enneagram
236,나는 변화를 수용하고 새로운 상황에 쉽게 적응한다.,Enneagram
237,나는 종종 삶을 흥미롭게 만들어주는 새롭고 흥미로운 경험을 찾는다.,Enneagram
238,일상의 작업은 창의적으로 참여할 방법을 찾기 위한 기회가 된다.,Enneagram
239,나는 현재의 상황에 빠르게 지루함을 느끼며 혁신적인 방법을 찾는다.,Enneagram
240,너무 멀리까지 계획하는 것은 나를 제한하는 것처럼 느껴진다. 즉흥적인 것을 선호한다.,Enneagram
241,나는 낙관적이며 어려운 상황에서도 주로 희망을 찾을 수 있다.,Enneagram
242,나는 나에게 자유를 주고 선택할 능력을 주는 환경에서 성취한다.,Enneagram
243,나는 즉각적인 대처와 예상치 못한 변화를 최대한 활용하는 데 능숙하다.,Enneagram
244,새로운 아이디어와 프로젝트는 시행이나 마무리보다 나를 더 기대하게 한다.,Enneagram
245,나는 한 가지 행동 방침에 집착하기보다는 여러 선택지를 열어두는 것을 선호한다.,Enneagram
246,세계를 탐구하며 경험하는 것이 나의 가장 높은 우선순위이다.,Enneagram
247,나는 상황을 주도하며 의사 결정에 자신이 있다.,Enneagram
248,나는 확신에 찬 상태로 내 의견을 표현하고 입장을 취한다.,Enneagram
249,내가 사랑하는 사람들을 보호하는 것은 나 자신을 옹호하는 것만큼 중요하다.,Enneagram
250,나는 대립이 두렵지 않으며 갈등을 정면으로 맞선다.,Enneagram
251,나는 그룹에서 자연스럽게 리더 역할을 차지한다.,Enneagram
252,불평등 또는 불공평은 나를 움직이게 만든다. 나는 내 소신을 말해야 한다.,Enneagram
253,"나는 다른 사람의 강점을 존중하며, 확신에 찬 사람에게 끌린다.",Enneagram
254,나는 자립적이며 내 능력에 의지하는 것을 선호한다.,Enneagram
255,나는 힘을 가지고 변화를 위해 이 힘을 사용하는 것을 좋아한다.,Enneagram
256,나는 관계와 환경에서 조화를 유지하기 위해 노력한다.,Enneagram
257,나는 종종 문제의 다양한 측면을 보면서 의견 충돌을 중재하려 한다.,Enneagram
258,긴장과 갈등을 피하는 것이 문제를 해결하는 것보다 더 편할 때가 있다.,Enneagram
259,나는 논의에서 모든 사람의 의견이 존중받고 참여하고 있다고 느낄 수 있도록 노력한다.,Enneagram
260,나는 다른 사람들이 공통점과 타협점을 찾는 것을 돕는 데 능통하다.,Enneagram
261,평화로운 해결책은 논쟁에서 이기는 것보다 중요하다.,Enneagram
262,나는 종종 친구 사이 또는 직장 내에서 중재자가 된다.,Enneagram
263,나는 내 견해를 표현하기 전에 모든 견해를 듣고 이해하는 것을 선호한다.,Enneagram
264,나는 갈등의 가능성이 있으면 의사 결정을 내리기 어렵다.,Enneagram
265,나는 종종 문제를 일으키는 것을 피하기 위해 대세를 따른다.,Enneagram
266,나는 갈등이 거의 없는 차분하고 평온한 환경을 가치 있게 여긴다.,Enneagram
267,나는 그룹의 조화를 위해 내 선호를 기꺼이 타협할 수 있다.,Enneagram
268,갈등이 억울함 없이 평화롭게 해결되는 것이 나에게 중요하다.,Enneagram
269,나는 때때로 내 관계에서 평화를 유지하기 위해 내 자신의 필요를 과소평가한다.,Enneagram
270,나는 모든 사람을 만족시킬 수 있는 해결책을 찾기 위해 의견 충돌에 접근한다.,Enneagram
271,나는 관계를 유지하는 것이 논쟁에서 이기는 것보다 중요하다고 생각한다.,Enneagram
272,나는 다른 사람을 지원하고 응원하기 위한 방법을 적극적으로 모색한다.,Enneagram
273,다른 사람이 나를 잘 돕고 친절한 사람으로 여기는 것이 나에게 중요하다.,Enneagram
274,나는 종종 누군가 도움을 요청하기 전에 돕는다.,Enneagram
275,나의 기분은 내 주변 사람들의 감정 상태에 영향을 받는다.,Enneagram
276,나는 다른 사람의 삶에 도움이 될 때 강한 만족감을 느낀다.,Enneagram
277,다른 사람이 나를 필요로 하는 것은 나에게 목적 의식을 부여한다.,Enneagram
278,나는 내가 도움이 되고 변화를 줄 수 있는 관계를 우선시한다.,Enneagram
279,나는 내 친구와 가족의 필요에 빠르게 대응한다.,Enneagram
280,나는 종종 다른 사람의 행복을 나의 행복보다 우선으로 여긴다.,Enneagram
281,불확실한 상황에서도 결정하는 것이 어렵지 않다.,성격 검사
282,종종 팀의 일을 담당한다.,성격 검사
283,나의 관점과 의견을 주장하기가 쉽다고 생각한다.,성격 검사
284,프로젝트와 팀을 이끄는 것을 즐긴다.,성격 검사
285,보통 결단력이 있고 행동을 먼저 한다.,성격 검사
286,일이 일어나기를 기다리기보다는 주도적으로 행동하는 것을 선호한다.,성격 검사
287,목표를 달성하기 위해 위험을 감수하는 것을 두려워하지 않는다.,성격 검사
288,장애를 피하기보다는 극복하려 애쓴다.,성격 검사
289,필요하다면 강하게 따지고 주장을 내세울 수 있다.,성격 검사
290,보통 소통할 때 직설적이고 간결하다.,성격 검사
291,결과와 성취에 사로잡힌다.,성격 검사
292,경쟁과 도전을 즐긴다.,성격 검사
293,빠른 속도로 일하는 것을 선호한다.,성격 검사
294,독립적이고 자립적이다.,성격 검사
295,문제 해결 능력에 자신감이 있다.,성격 검사
296,나 자신의 운명을 통제하는 것을 좋아한다.,성격 검사
297,갈등과 충돌을 편하게 대한다.,성격 검사
298,나 자신과 타인에 대한 기대치가 높다.,성격 검사
299,야심과 의욕이 있다.,성격 검사
300,목표를 달성하는 데 확고하고 집요하다.,성격 검사
301,집중하여 효과적으로 일을 마무리한다.,성격 검사
302,압박감을 잘 다룰 수 있다.,성격 검사
303,자주 현재 상황에 도전한다.,성격 검사
304,책임지고 일을 맡는 것을 즐긴다.,성격 검사
305,보통 솔직하고 거리낌 없다.,성격 검사
306,사람을 사귀고 교류하는 것을 즐긴다.,성격 검사
307,열광적이고 긍정적이다.,성격 검사
308,타인에게 영감을 주고 동기를 부여하는 것을 좋아한다.,성격 검사
309,관심의 중심에 있기를 즐긴다.,성격 검사
310,외향적이고 표현을 잘한다.,성격 검사
311,다른 사람을 쉽게 설득할 수 있다.,성격 검사
312,팀과 협력하며 일하는 것을 즐긴다.,성격 검사
313,내 감정을 표현하는 데 편하다.,성격 검사
314,새로운 사람들을 만나는 것을 좋아한다.,성격 검사
315,말을 잘하고 매력이 있는 편이다.,성격 검사
316,타인과의 관계와 소통을 소중하게 여긴다.,성격 검사
317,친밀한 관계를 잘 맺는다.,성격 검사
318,다양한 사회적 상황에 적응하고 유연하게 대처한다.,성격 검사
319,천성적으로 명랑하고 친절하다.,성격 검사
320,삶을 긍정적으로 전망한다.,성격 검사
321,다른 사람이 편안하게 느끼게 할 수 있다.,성격 검사
322,사람들에게 영감을 주고 동기를 부여할 수 있다.,성격 검사
323,많은 사람이 모이는 곳에서 편안함을 느낀다.,성격 검사
324,보통 힘이 넘치고 활기차다.,성격 검사
325,아이디어와 프로젝트 홍보를 잘한다.,성격 검사
326,사람들에게 즐거움과 웃음을 주는 것을 즐긴다.,성격 검사
327,표현을 잘하며 편하게 생각을 공유한다.,성격 검사
328,보통 모임에서 분위기 메이커이다.,성격 검사
329,사람과의 관계를 발전시키는 것을 즐긴다.,성격 검사
330,타인에게 영향을 주고 설득하는 기술이 있다.,성격 검사
331,압박감 속에서 인내심과 차분함을 지킨다.,성격 검사
332,나는 믿고 신뢰할 만한 사람이다.,성격 검사
333,변화와 불확실성보다 안정감과 틀을 선호한다.,성격 검사
334,타인을 지지하고 돌본다.,성격 검사
335,다른 이의 말을 잘 들어준다.,성격 검사
336,스트레스를 받는 상황에서 매우 침착하다.,성격 검사
337,조화와 협력을 소중하게 여긴다.,성격 검사
338,의리 있고 신의 있다.,성격 검사
339,팀 안에서 일을 잘한다.,성격 검사
340,타인의 필요와 감정에 민감하다.,성격 검사
341,느리고 일정한 속도로 일하는 것을 선호한다.,성격 검사
342,사람들과의 관계를 오래 잘 유지한다.,성격 검사
343,예상할 수 있고 조직이 있는 환경을 선호한다.,성격 검사
344,대립과 충돌을 피하는 편이다.,성격 검사
345,습관을 일정하게 계속 유지한다.,성격 검사
346,타인이 편하게 느끼고 지지받고 있다는 느끼도록 잘한다.,성격 검사
347,친절하고 인정이 많다.,성격 검사
348,경쟁보다 협동을 소중히 여긴다.,성격 검사
349,틀과 일정을 잘 따른다.,성격 검사
350,타인을 수용하고 포용한다.,성격 검사
351,안전성과 예측 가능성을 소중히 여긴다.,성격 검사
352,꼼꼼히 업무를 잘 완료한다.,성격 검사
353,드러나지 않게 일하는 것이 편하다.,성격 검사
354,타인을 잘 인내한다.,성격 검사
355,평화와 조화를 유지하는 것을 선호한다.,성격 검사
356,세세한 부분에 신경을 쓴다.,성격 검사
357,정확도와 정밀도를 소중히 여긴다.,성격 검사
358,행동하기 전에 신중하게 생각하는 편이다.,성격 검사
359,규칙과 절차를 따른다.,성격 검사
360,정리 정돈을 잘한다.,성격 검사
361,분석적이고 논리적이다.,성격 검사
362,세심하게 업무를 계획하고 일정을 정한다.,성격 검사
363,나는 책임감이 있고 신뢰할 만한 사람이다.,성격 검사
364,일할 때 완벽해지고자 노력한다.,성격 검사
365,규율을 지키고 신중하다.,성격 검사
366,데이터와 사실을 다루는 일이 편하다.,성격 검사
367,독립적으로 일하는 것을 선호한다.,성격 검사
368,체계적이고 조직적이다.,성격 검사
369,내게 주어진 책임을 중요하게 생각한다.,성격 검사
370,문제점 분석을 잘한다.,성격 검사
371,구조화된 업무와 명확한 지시를 선호한다.,성격 검사
372,질서와 틀을 소중히 여긴다.,성격 검사
373,철두철미하고 세밀하다.,성격 검사
374,항상 작업을 다시 확인한다.,성격 검사
375,정확하고 정밀하게 하는 업무를 선호한다.,성격 검사
376,비판하고 평가하는 편이다.,성격 검사
377,계획을 세우고 업무를 정리하는 것을 잘한다.,성격 검사
378,문제 해결과 분석적인 업무를 즐긴다.,성격 검사
379,책무와 약속을 철저히 이행한다.,성격 검사
380,결정하고 행동하는 데 신중하고 조심스럽다.,성격 검사
381,나는 대화 중 핵심적인 것을 빨리 얘기한다.,LCSI
382,나는 활동적이지 못하다.,LCSI
383,나는 무엇이든 직선적으로 표현한다.,LCSI
384,나는 어려움을 잘 참고 견딘다.,LCSI
385,나는 감정 조절을 못해서 돌발적으로 감정이 폭발하기도 한다.,LCSI
386,나는 내 자신에 대하여 만족한다.,LCSI
387,나는 어딘가를 갈 때 새 길보다는 늘 가던 길이 편하다.,LCSI
388,나는 능력이 부족하다고 생각해 일을 시작조차 못해 본 적이 있다.,LCSI
389,나는 특정 주제나 일 중심의 대화를 선호한다.,LCSI
390,나는 다양한 사람들과 폭 넓은 우정을 맺는다.,LCSI
391,나는 남을 비판하거나 거절하는 것이 어렵다.,LCSI
392,나는 집중력이 부족하고 주의가 산만하다.,LCSI
393,나는 주위 사람들로부터 성격이 급하다는 말을 듣는다.,LCSI
394,나는 내 자신이 쓸모없는 사람이라는 느낌이 든다.,LCSI
395,나는 무언가 새로 만드는 것을 좋아한다.,LCSI
396,나는 다른 사람들과 논쟁하는 것이 두렵지 않다.,LCSI
397,나는 말이 없고 조용하다.,LCSI
398,나는 가족 중에 다혈질적인 사람이 있다.,LCSI
399,나는 문제가 생길 때 논리적으로 따지기가 어렵다.,LCSI
400,나는 철저한 준비와 계획을 세운 후에 일에 착수한다.,LCSI
401,나는 문제가 생기면 가슴이 답답하고 두근거린다.,LCSI
402,나는 갈등 관계에 있는 사람들 사이에 끼어들어 중재하는 역할을 잘 한다.,LCSI
403,나는 여행을 갈 때는 처음 가보는 곳보다는 이미 알고 있는 익숙한 곳으로 간다.,LCSI
404,나는 조용하고 은은한 음식점이 좋다.,LCSI
405,나는 내 마음을 드러내지 않는다.,LCSI
406,나는 상대방의 의견을 주로 듣는다.,LCSI
407,나는 반복적인 일에 대해서 싫증을 잘 낸다.,LCSI
408,나는 감정조절을 잘 못해 후회하는 경우가 종종 있다.,LCSI
409,나는 다른 사람들의 문제를 해결해 주는데 지나친 책임감을 느낀다.,LCSI
410,나는 유별나게 보이는 것을 두려워한다.,LCSI
411,나는 많은 생각을 필요로 하는 일에 매력을 느낀다.,LCSI
412,나는 냉정하다는 말을 듣는다.,LCSI
413,"나는 대화할 때 표정, 몸짓, 동작 등이 자연스럽게 나온다.",LCSI
414,나는 공격적 성향이 강하다.,LCSI
415,나는 일하는 것을 좋아하고 중요시한다.,LCSI
416,나는 성급하다는 말을 듣는다.,LCSI
417,나는 남의 미움을 받을 만한 성격의 소유자이다.,LCSI
418,나는 가끔 게으르다고 생각한다.,LCSI
419,나는 일반적인 관습에 따라 일을 처리한다.,LCSI
420,나는 다른 사람을 변화시키려고 시도한다.,LCSI
421,나는 매사에 진지하여 농담을 잘 못한다.,LCSI
422,나는 합리적이고 논리 정연한 사람과 함께 하는 것이 편하다.,LCSI
423,나는 생각을 많이 하고 나서 행동한다.,LCSI
424,나는 그럴만한 상황이 아닌 때에도 경쟁심을 느낀다.,LCSI
425,나는 내 성격에 문제가 있다고 생각한다.,LCSI
426,나는 독창적인 방법으로 일처리하기를 좋아한다.,LCSI
427,나는 독립적으로 생각하고 결정한다.,LCSI
428,나는 때때로 다른 사람에게 화풀이를 하고 싶다.,LCSI
429,나는 사람을 사귀는데 시간이 걸린다.,LCSI
430,나는 인간관계에서 충돌을 피한다.,LCSI
431,나는 생각을 충분히 하기 보다는 즉흥적으로 행동한다.,LCSI
432,나는 다른 사람들에 대해 질투가 많다.,LCSI
433,나는 기준을 명확히 하고 일관성 있게 행동한다.,LCSI
434,나는 늘 다니던 길보다는 새로운 길을 찾아내는 것이 재미있다.,LCSI
435,나는 자기 주장이 없는 사람을 무시한다.,LCSI
436,나는 사람들이 모여 있을 때 주로 내가 다른 사람을 소개한다.,LCSI
437,나는 억울한 상황에서도 내 주장을 하기가 어렵다.,LCSI
438,나는 가끔 머리가 나쁘다고 생각한다.,LCSI
439,나는 다른 사람에 비해 신중하고 침착하다.,LCSI
440,나는 쉽게 친해지지 못한다.,LCSI
441,나는 자랑할 것이 별로 없다.,LCSI
442,나는 어떤 새로운 일을 처음 시작하는 것에 매력을 느낀다.,LCSI
443,나는 누군가를 만날 때는 조용한 곳에서 만나고 싶다.,LCSI
444,나는 친목회나 회식모임을 좋아한다.,LCSI
445,나는 자신감을 길러야 한다.,LCSI
446,나는 성실하고 묵묵히 노력한다.,LCSI
447,나는 다른 사람을 즐겁게 해주려고 지나치게 노력한다.,LCSI
448,나는 가끔 뒤에서 다른 사람을 욕한다.,LCSI
449,나는 다양한 사람들을 대하는 방법을 잘 알고 있다.,LCSI
450,나는 낯선 곳보다는 친숙한 곳에서 여가시간을 보내기 좋아한다.,LCSI
451,나는 다른 사람의 말을 들을 때 따져보고 듣는다.,LCSI
452,나는 사람들과 함께 모이면 분위기를 만들어 가는데 적극적이다.,LCSI
453,나는 직선적으로 대응하는 방식을 선호한다.,LCSI
454,나는 인내심이나 지구력이 부족하다.,LCSI
455,나는 다른 사람들이 나를 좋아하고 인정해 주기를 지나치게 원한다.,LCSI
456,나는 혼자서 즐기며 쉰다.,LCSI
457,나는 상상하는 것이 즐겁다.,LCSI
458,나는 불리한 상황에서 곤란한 것은 숨긴다.,LCSI
459,나는 결정짓고 결론을 제시한다.,LCSI
460,나는 환경변화에 적응을 잘하고 새로운 변화를 추구한다.,LCSI
461,나는 과격하거나 자극적인 단어 사용을 자제한다.,LCSI
462,나는 인내심과 참을성이 강하다.,LCSI
463,나는 어떤 일을 결정해야 할 때 빨리 결정할 수 있다.,LCSI
464,나는 내가 아닌 다른 사람이 되었으면 좋겠다고 생각한다.,LCSI
465,나는 철학적인 논쟁을 좋아하지 않는다.,LCSI
466,나는 냉철한 판단력을 지녔다.,LCSI
467,나는 대인관계의 유연성이 부족하다.,LCSI
468,나는 왠지 모르게 짜증이 날 때가 있다.,LCSI
469,나는 결단력을 좀더 길러야 한다.,LCSI
470,나는 참을성과 끈기가 부족해서 끝마무리를 잘 하지 못할 때가 있다.,LCSI
471,나는 다른 사람의 일을 간섭하지 않고 내버려 두기가 어렵다.,LCSI
472,나는 나에 대해 잘 모르겠다는 생각이 든다.,LCSI
473,나는 공상으로 시간 보내기를 좋아하지 않는다.,LCSI
474,나는 내 개인적인 일을 다른 사람에게 너무 많이 이야기한다.,LCSI
475,"나는 놀기를 좋아하며 오락, 잡기에 능하다.",LCSI
476,나는 온순하고 부드럽다.,LCSI
477,나는 절제력이 강하다.,LCSI
478,나는 다른 사람에 비해 가족에게 더 함부로 하는 경향이 있다.,LCSI
479,나는 작은 일에도 신경을 쓴다.,LCSI
480,나는 여가시간에 혼자 할 수 있는 조용한 활동을 즐긴다.,LCSI
481,나는 이야기 속의 주인공이 되어 상상해보기를 좋아한다.,LCSI
482,나는 객관적 사실에 근거한 논리적 사고를 한다.,LCSI
483,나는 긍정적이며 낙천적이다.,LCSI
484,나는 목소리가 크고 과격하다.,LCSI
485,나는 자신을 잘 다스린다.,LCSI
486,나는 어떤 일에 대해 의사결정이 빠르고 결단력이 강하다.,LCSI
487,나는 어떤 문제가 있을 때에 직면하기보다는 회피한다.,LCSI
488,나는 누군가 잔소리하면 일하기가 더 싫어진다.,LCSI
489,나는 공상보다는 현실적인 생각을 더 많이 한다.,LCSI
490,"나는 대의명분, 목표에 집착할 때 비정한 면을 보인다.",LCSI
491,나는 개인적인 내용을 다른 사람들에게 말하기 어렵다.,LCSI
492,나는 다른 사람의 얘기를 끝까지 잘 들어주는 편이다.,LCSI
493,나는 말로 하는만큼 행동이 따라주지 않을 때가 있다.,LCSI
494,나는 다른 사람의 비판을 무시하기가 어렵다.,LCSI
495,나는 내가 좋지 않은 사람이라고 생각한다.,LCSI
496,나는 예술작품을 감상할 때 깊은 감동을 느낀다.,LCSI
497,나는 승부욕이 강한 사람이다.,LCSI
498,나는 때때로 이 세상에서 무엇을 할 수 있을지 의심이 든다.,LCSI
499,나는 목소리가 작고 톤이 낮다.,LCSI
500,나는 남이 듣기 싫은 소리를 못한다.,LCSI
501,나는 일 처리를 치밀하고 완벽하게 한다.,LCSI
502,나는 중재역할을 하는 경우가 많다.,LCSI
503,나는 좋은 성품을 가졌다고 생각한다.,LCSI
504,나는 예술적인 것에 그다지 관심이 없다.,LCSI
505,나는 객관적인 비판을 잘한다.,LCSI
506,나는 평소에 이야기할 때 농담이나 여담을 많이 한다.,LCSI
507,나는 내 권리를 주장할 때도 다른 사람의 감정을 상하게 하지 않을까 염려한다.,LCSI
508,나는 걱정거리 때문에 이따금씩 마음이 무겁다.,LCSI
509,나는 계획성이나 신중함이 부족해서 실수를 잘 한다.,LCSI
510,나는 자연의 모습에 마음이 끌릴 때가 많다.,LCSI
511,나는 사람들에게 나 자신을 너무 많이 공개한다.,LCSI
512,나는 나서는 걸 싫어한다.,LCSI
513,나는 남을 잘 이해하고 수용해주는 편이다.,LCSI
514,나는 지속적인 끈기를 발휘하는 성취지향적 인간이다.,LCSI
515,나는 발레나 현대무용을 보면 지루해진다.,LCSI
516,나는 모르는 사람을 만나는 것이 거북하다.,LCSI
517,나는 화가 날 때 표면적으로 나타내지 않고 내면으로 삭인다.,LCSI
518,나는 힘든 일은 피하고 싶다.,LCSI
519,나는 일을 체계와 원칙에 따라 진행한다.,LCSI
520,나는 추상적인 개념에 대해서 깊이 생각하는 편이다.,LCSI
521,나는 누구하고나 어떤 상황에서도 대화를 쉽게 나눈다.,LCSI
522,나는 추상적인 주제로 대화하는 것을 좋아하지 않는다.,LCSI
523,나는 친구를 사귀기가 어렵다.,LCSI
524,나는 상상의 나라를 펼치기 좋아한다.,LCSI
525,나는 여러 사람이 모인 집단에 같이 어울리기가 어렵다.,LCSI
526,나는 인간의 본질과 같은 형이상학적 문제를 생각하는 데는 관심이 없다.,LCSI
527,나는 합리적이고 논리적인 사람이 좋다.,LCSI
528,나는 이론적인 문제에 관해 생각하기를 좋아한다.,LCSI
529,아래 네 가지 설명 중 당신은 어디에 가깝다고 생각하십니까?,LCSI
530,"	자신감이 강하며 상황판단이 빠르다. 불합리하거나 비논리적이라 판단하면 수용하지 않는다. 자신의 주장을 펼 때 객관적 자료나 근거를 중요시하며 논리적으로 설득하는 것을 좋아한다. 설명이 반복되거나 장황하면 짜증난다. 상대방에 대한 긍정적 경청보다는 자기중심적 판단을 한다. 우유부단한 것과 집착 중 차이가 크고 말투가 직설적이다. 애매모호하거나 우회적인 표현을 싫어한다. 승부욕과 리더십이 강하다. 목소리 톤이 높고 말의 속도가 비교적 빠르다. 행동은 활발하고 역동적이지만 생각이 깊고 속내를 쉽게 노출하지 않는다.",LCSI
531,"개방적이고 친화적이며 환경적응이 빠르다. 분위기를 주도하고 행사참여도가 높다. 웃 으면 스트레스를 받는다. 친한 척을 잘하고 야단 을 맞아도 오래 빠지지 않는다. 감정표현이 풍부하고 어휘구사력이 좋다. 장기적이고 반복적인 상황을 싫어한다. 사소한 것에도 맞장구치기를 좋아하며 유머감각이 있다. 침묵을 싫어하고 클로다는 말로 표현하는 능력 위철 쓴다. 심각한 상황을 싫어하고 확인과 마무리가 소홀하다. 개방성, 유머, 감정의 솔직성 등으로 인해 주변에 사람이 쉽게 모인다. 정서적으로 밝은 특성을 가지고 있다.",LCSI
532,"	유순하고 차분하며 배려를 잘한다. 남을 의식하고 주목받는 것을 싫어한다. 끼리끼리 잘 놀고 단짝이 있다. 자신을 적극적으로 드러내지 못하며 사람들과 친숙해지기까지 시간이 걸린다. 한 번 관계가 형성되면 스스럼없이 다하고 깊은 속마음을 나누고 싶어 한다. 다른 사람들의 말에 민감하고 말들과 안하고 피곤하다. 남의 얘기를 잘 들어준다. 분명한 표현을 하기 어려워하며 마음에 안 드는 경우에도 싫다는 말을 직접적으로 잘 못한다. 갈등을 못 견디라고 결정을 후회가 많다. 표현은 적지만 섬세하고 감수성이 높다.",LCSI
533,규칙과 원칙을 중시하며 논리적으로 잘 따진다. 말 수가 적고 글로 의사소통하기 좋아한다. 일대일 대화에는 쉽게 응하고 남의 얘기를 잘 듣는다. 시선 맞추기를 어려워하고 자세변화가 적다. 관심이 있는 부분 외에는 무관심하지만 전문적이고 논리적인 토론은 잘한다. 자기중심이 강하고 생각이 정리되기 전에는 행동하지 않는다. 과제를 잘해 오지만 발표는 하지 않는다. 융통성이 부족하고 비사교적이다. 수마음을 털어놓기 어려워하고 농담이나 잡담을 좋아하지 않는다. 족중적인 감정표출이 적고 충동을 잘 조절한다.,LCSI
534,쉬운 일보다는 도전적인 일이 더 좋다.,TCI
535,나를 좋지 않게 대했던 사람들과도 친하게 지낸다.,TCI
536,음악을 듣거나 산책을 할 때 그 속에 빠져들어 나 자신을 잊는다.,TCI
537,종종 실제보다 일이 더 어렵거나 위험할 것이라고 예상한다.,TCI
538,"내가 할 수 있는 한 더 잘 하고 싶기 때문에, 열심을 다해 나 자신을 몰아붙인다.",TCI
539,"주머니가 바닥날 때까지 돈을 쓰거나, 신용카드를 너무 많이 사용해서 빚을 지는 때가 있다.",TCI
540,내가 가지고 있는 많은 습관들은 내가 가진 목표를 달성하는 데 방해가 된다.,TCI
541,문제가 생기면 혼자서 해결하려 한다.,TCI
542,미래에 어떤 일이 잘못될까봐 자주 걱정한다.,TCI
543,별로 힘들지 않고 하루 종일 활동할 수 있다.,TCI
544,어려움에 처했거나 위기감을 필요로 하는 사람이 있을 때 도움을 준다.,TCI
545,처음 만난 사람과도 편안하게 대화하고 내 의견을 이야기할 수 있다.,TCI
546,새로운 일이 마음에 들어서 당장 시도해 보고 싶어진다.,TCI
547,"다른 아무 것도 눈에 들어오지 않을 정도로 어떤 일에 몰입하며, 때로 딴 세계에 있는 듯 보일 때가 있다.",TCI
548,종종 나 자신에게 불만을 느낀다.,TCI
549,내 생각을 받아들이지 않는 사람들을 참아내기가 힘들다.,TCI
550,"낯선 사람을 만날 때, 매우 수줍어하며 위축된다.",TCI
551,나의 야망과 열심 때문에 성공하는 때가 종종 있다.,TCI
552,나에게 잘못을 저지른 사람들을 쉽게 용서하는 편이다.,TCI
553,다른 사람들과 거리를 두고 떨어져 지내는 것이 좋다.,TCI
554,어떤 일을 할 때 과거에 어떻게 했었는지는 생각하지 않고 현재의 느낌에 따라 행동한다.,TCI
555,내게만 좋은 일이 생기거나 내가 잘못을 하는 상상을 자주 한다.,TCI
556,종교적이거나 영적인 경험이 내 인생의 바른 길을 찾는 데 도움을 주었다.,TCI
557,때로 다른 사람을 악으로 본 적이 있다.,TCI
558,다른 사람들에 비해 더 완벽주의적이다.,TCI
559,고민이 있으면 친구에게 얘기하고 싶어 한다.,TCI
560,"의심이 많은 편이어서, 주변 사람들은 일이 다 잘 될 거라고 해도 어떤 일을 계속 진행하기가 두렵다.",TCI
561,나에게 손해가 된다 해도 정직한 것이 더 좋다.,TCI
562,나에게는 약점이 너무 많아서 나 자신을 별로 좋아하지 않는다.,TCI
563,다른 사람들이 기분 좋아지도록 챙기는 편이다.,TCI
564,"잘 모르는 사람들에 대한 자신감이 부족하기 때문에, 낯선 사람 만나는 것을 꺼린다.",TCI
565,"어떤 생각이 떠오르면, 즉시 실행에 옮기고 싶다.",TCI
566,"어떤 결정을 내릴 때, 정의나 정직과 같은 기본적인 것들이 중요한 역할을 한다.",TCI
567,인생에서 겪는 많은 일들을 이겨낼 수 있는 좋은 습관과 능력을 개발하였다.,TCI
568,사람들이 나에게 기대하는 것보다 더 많은 것을 성취하는 때가 종종 있다.,TCI
569,나에게 상처를 준 사람에게는 갚아 주려 한다.,TCI
570,"말로 표현할 수는 없지만, 내가 다른 사람들과 영적으로 연결되어 있다고 느낀 때가 있다.",TCI
571,문제를 어떻게 해결해야 할지 막막하기만 한 때가 자주 있다.,TCI
572,잘 모르는 사람들에게도 내 자신을 금방 드러내는 편이다.,TCI
573,어떤 일에 실패하면 더 잘해야겠다고 결심하게 된다.,TCI
574,"낯선 사람들을 만날 때, 비록 그들이 우호적이지 않다고 들었어도, 별로 긴장하지 않고 활발하게 행동한다.",TCI
575,어려운 상황에 부딪치면 이를 도전이나 기회로 받아들이는 편이다.,TCI
576,돈을 저축하기보다는 있는 대로 쓰는 편이다.,TCI
577,친구들과 함께 있을 때에도 내 감정을 드러내는 것을 원치 않는다.,TCI
578,"위험을 예측할 수 없을 때에는, 새로운 일을 시도하지 않고 있던 그대로 놔두는 편이다.",TCI
579,"다른 사람에게 잘못을 했거나 실수를 했을 경우, 그것을 사과한다.",TCI
580,"쉽게 지치고 피곤해져서, 힘이 없다고 느껴지는 때가 많다.",TCI
581,"나 자신이 어떤 신위의 존재(예: 인류, 자연)의 일부인 것 같은 분명한 느낌이 들 때가 있다.",TCI
582,다른 사람을 진심으로 이해하기 위해서 내가 그 사람의 입장이 되어 보려고 노력한다.,TCI
583,계획했던 일을 추진하기 위해 내 자신의 힘을 한데 모으기 힘들 때가 종종 있다.,TCI
584,"다른 사람들은 시간 낭비라고 생각하는 일이라도, 새로운 일이면 재미 삼아 해본다.",TCI
585,내 의지와는 상관없이 주변 상황 때문에 어쩔 수 없이 어떤 일을 하게 되는 경우가 종종 있다.,TCI
586,"어떤 방식으로든 나 자신이 나이나 성별, 인종에 관계없이 모든 인류와 연결되어 있다고 느낀다.",TCI
587,지칠 때까지 내 자신을 몰아붙이거나 내가 실제로 할 수 있는 것 이상으로 노력할 때가 종종 있다.,TCI
588,불길했을 때 그 상황에서 빠져나오기 위해 쉽게 둘러대는 편이다.,TCI
589,다른 사람의 감정에 귀를 기울이는 편이다.,TCI
590,"첫 시도에서 어떤 일이 성공하지 못하면, 다시 도전하고 싶어진다.",TCI
591,뭔가 갖고 싶은 것이 생기면 당장 가지려고 한다.,TCI
592,"내 방식대로 일을 하고 싶어해서, 다른 사람들과 마찰을 빚거나 안 좋은 분위기를 만들곤 한다.",TCI
593,"다른 사람은 전혀 위험하다고 느끼지 않아도, 낯선 상황에서는 긴장하고 걱정하게 된다.",TCI
594,종종 내가 주변 상황의 희생양이라는 느낌이 든다.,TCI
595,공평과 진실은 내게 그리 중요하지 않다.,TCI
596,다른 사람의 생각을 잘 이해하는 편이다.,TCI
597,새로운 일이나 익숙하지 않은 일을 해야 할 때에는 긴장하고 걱정한다.,TCI
598,듣기지 않을 수만 있다면 법이나 규칙을 어기기도 한다.,TCI
599,눈에 보이는 듯 생생한 상상을 한다.,TCI
600,나는 매우 야심적인 사람이다.,TCI
601,모든 생명체를 연결시키는 어떤 초자연적인 힘이 있다고 믿는다.,TCI
602,삶의 재미를 위해 돈을 쓰기보다는 저축하는 것이 더 좋다.,TCI
603,"어떤 일에 너무 깊이 몰입한 나머지, 시간이 한참 지난 후에야 정신이 드는 경우가 있다.",TCI
604,누군가 울거나 고통스러워 하는 것을 보면 마음이 쉽게 움직인다.,TCI
605,"어떤 일을 할 때, 새로운 방식으로 시도해 보는 것을 좋아한다.",TCI
606,내 삶이 다른 사람들로 인해 좌지우지될 때가 많다.,TCI
607,내 인생을 어떤 방향으로 이끌어 가야 할지 정확하게 모를 때가 종종 있다.,TCI
608,어떤 결정을 내려야 할 때에는 친구들과 먼저 상의하려 한다.,TCI
609,즉흥적으로 뭔가 새로운 일이나 낯선 일을 해보는 것을 좋아한다.,TCI
610,결심이 너무 굳건해서 다른 사람들은 이미 다 포기한 후에도 그 일을 지속하는 편이다.,TCI
611,사람들은 도움이나 이해를 구하려고 쉽게 내게 다가온다.,TCI
612,어떤 정신적인 힘이 나를 도와준 적이 있다고 믿는다.,TCI
613,다른 사람들이 나(또는 내가 원하는 방식을) 좋아하든 좋아하지 않든 별로 상관하지 않는다.,TCI
614,다른 사람들에게 도움을 주는 것을 좋아한다.,TCI
615,사소한 병이나 스트레스로부터 쉽게 회복한다.,TCI
616,어떤 일이 너무 위험해 보여서 그 일을 하지 못한 때가 종종 있다.,TCI
617,"내가 이해할 수는 없지만, 모든 것에는 어떤 의미가 있을 것이라고 믿는다.",TCI
618,"어떤 일에 너무 흥미를 느낀 나머지, 시간이 어떻게 가는지 모를 때가 있다.",TCI
619,나와 다른 방식으로 일하는 사람을 보면 답답하다.,TCI
620,내가 인생에서 무엇을 원하는지 알고 있다.,TCI
621,내 모습이 실제의 내 모습과는 많이 달랐으면 좋겠다.,TCI
622,어떤 문제에 대한 최선의 해결책을 찾기 전까지는 포기하지 않는다.,TCI
623,낯선 사람들 앞에서 전혀 수줍어하지 않는다.,TCI
624,위험을 감수하는 것을 좋아한다.,TCI
625,내 인생은 별다른 목표나 의미가 없는 것처럼 느껴지는 때가 종종 있다.,TCI
626,나와 다른 생각을 가지고 있는 사람들을 좋아하지 않는 편이다.,TCI
627,새로운 일이나 아이디어에 대해서 흥미를 느끼는 데 시간이 오래 걸린다.,TCI
628,때로 내 삶이 어떤 초자연적인 힘에 의해 인도되거나 영향을 받고 있는 것처럼 느껴진다.,TCI
629,다른 사람들이 나를 좋아하지 않으면 쉽게 상처를 입는다.,TCI
630,기분 내키는 대로 즉흥적으로 결정하는 편이다.,TCI
631,내가 최선을 다한다면 어떤 일도 그리 어렵지 않다.,TCI
632,내 경험이나 감정을 혼자 간직하거나 감추기보다는 친구들과 함께 나누는 편이다.,TCI
633,나와 생각이나 가치관이 다른 사람들을 쉽게 용서할 수 있다.,TCI
634,비관적인 편이다.,TCI
635,아무리 원수라고 해도 그에게 나쁜 일이 일어나기를 바라지 않는다.,TCI
636,내가 원하는 인생의 방향에 대해 분명히 알고 있다.,TCI
637,다른 사람들이 나와 감정적으로 쉽게 가까워진다.,TCI
638,중요한 변화를 시도하거나 지속할 만한 힘이나 에너지가 부족하다.,TCI
639,"다른 사람이 문제를 해결할 수 있도록 도와줌으로써, 그 사람이 더 나아지는 데서 기쁨을 느낀다.",TCI
640,하기 쉬운 일조차도 시작하는 게 더딘 편이다.,TCI
641,다른 사람들과 친해지는 데 시간이 오래 걸린다.,TCI
642,"하던 일을 멈추고, 어떤 일이 잘못될까봐 걱정하기 시작하는 때가 종종 있다.",TCI
643,고치고 싶은 나쁜 습관들이 많다.,TCI
644,내가 하는 모든 일에서 최고가 되고 싶다.,TCI
645,다른 사람들에게 내 감정을 잘 이야기한다.,TCI
646,모든 생명체는 과학적으로 설명할 수 없는 어떤 초감각적인 힘에 의존하는 것이라고 믿는다.,TCI
647,뭔가를 힘들여 노력하고 싶지 않을 때가 자주 있다.,TCI
648,다른 사람의 감정을 잘 이해한다.,TCI
649,나는 매우 충동적인 사람이다.,TCI
650,"내가 원하는 목표에 도달할 수 있다면, 다른 사람의 고통에는 별로 개의치 않는다.",TCI
651,아무리 어려운 일이라도 빨리 시작하려고 한다.,TCI
652,문제가 생기면 남에게 기대하지 않고 혼자 간처하는 편이다.,TCI
653,얼굴을 붉히지 않고도 거짓말을 할 수 있다.,TCI
654,"만물이 마치 공통의 생명 과정의 일부인 것처럼, 나 자신이 환경과 연결되어 있다고 느낄 때가 있다.",TCI
655,내가 하고 싶은 대로 선택할 수 있는 자유가 별로 없다고 느낀다.,TCI
656,친구들이 부탁하더라도 내 의견이나 행동을 잘 바꾸지 않는다.,TCI
657,"의지력이 너무 약해서, 안 좋은 결과가 예상되어도 강한 유혹을 뿌리치기가 힘들다.",TCI
658,"문제가 생겼을 때, 이를 어떻게 해결해야 할지에 대한 좋은 아이디어가 있다.",TCI
659,"내가 다른 사람들과 서로 강하게 연결되어 있어서, 그 어떤 것도 우리를 떼어놓을 수 없을 것처럼 느낄 때가 있다.",TCI
660,사람들은 나에게 자신의 감정을 자주 토로한다.,TCI
661,대개는 꼭 해야 하는 일만 마지못해 한다.,TCI
662,다른 사람들과 너무 가까워지는 것을 좋아하지 않는다.,TCI
663,"모든 세부 사항들을 여러모로 고려하기보다는, 본능이나 직감에 따라 행동한다.",TCI
664,때로 시공간의 제약을 잊고 마치 나 자신이 어떤 것의 일부인 것처럼 느낄 때가 있다.,TCI
665,내게 할 일이 있을 때라도 남을 기꺼이 도와준다.,TCI
666,어떤 일을 시작하기 전에 꾸물거리는 편이다.,TCI
667,실제로 필요한 것 이상으로 쇼핑을 많이 한다.,TCI
668,얘기를 더 재미있게 하기 위해서 진실을 과장하거나 다소 왜곡하기도 한다.,TCI
669,어려운 일일수록 더 좋아한다.,TCI
670,다른 사람들의 감정에 쉽게 마음이 움직인다.,TCI
671,내 스스로 나를 위한 결정을 내릴 수 있다.,TCI
672,내가 하는 모든 일에서 남들보다 뛰어나고 싶다.,TCI
673,"사소한 병이나 스트레스를 겪은 후에, 쉽게 자신감과 에너지를 회복한다.",TCI
674,나는 사람들과 함께 있으려고 한다.,FIRO-B
675,나는 다른 사람들이 무엇을 할지 결정하도록 맡긴다.,FIRO-B
676,나는 사회적 모임에 참여한다.,FIRO-B
677,나는 사람들과 친밀한 관계를 가지려고 한다.,FIRO-B
678,기회가 있을 때 사회 조직에 참여하는 편이다.,FIRO-B
679,나는 다른 사람들이 내 행동에 강하게 영향을 미치도록 둔다.,FIRO-B
680,나는 비공식적인 사회 활동에 포함되려고 한다.,FIRO-B
681,나는 사람들과 깊고 개인적인 관계를 가지려고 한다.,FIRO-B
682,나는 내 활동에 다른 사람을 포함시키려고 한다.,FIRO-B
683,나는 다른 사람들이 내 행동을 통제하도록 둔다.,FIRO-B
684,나는 주변에 사람들이 있는 것을 좋아한다.,FIRO-B
685,나는 사람들과 가깝고 개인적으로 지내려고 한다.,FIRO-B
686,사람들이 함께 무언가를 하면 나는 그들 속에 끼는 편이다.,FIRO-B
687,나는 사람들에게 쉽게 이끌린다.,FIRO-B
688,나는 혼자 있는 것을 피하려 한다.,FIRO-B
689,나는 그룹 활동에 참여하려 한다.,FIRO-B
690,나는 사람들에게 친절하게 대해 주려 한다.,FIRO-B
691,나는 다른 사람들이 내가 무엇을 할지 결정하도록 둔다.,FIRO-B
692,나는 다른 사람들과의 개인적 관계가 다소 차갑고 거리를 둔다.,FIRO-B
693,나는 다른 사람들에게 일의 주도권을 맡긴다.,FIRO-B
694,나는 사람들과 친밀한 관계를 가지려고 한다.,FIRO-B
695,나는 다른 사람들이 내 행동에 강하게 영향을 미치도록 둔다.,FIRO-B
696,나는 사람들과 가깝고 개인적으로 지내려고 한다.,FIRO-B
697,나는 사람들에게 차갑고 거리를 두고 행동한다.,FIRO-B
698,나는 다른 사람들이 내 행동을 통제하도록 둔다.,FIRO-B
699,나는 사람들에게 쉽게 이끌린다.,FIRO-B
700,나는 사람들과 깊고 개인적인 관계를 가지려고 한다.,FIRO-B
701,나는 사람들이 나를 무언가에 초대해 주길 좋아한다.,FIRO-B
702,나는 사람들이 나에게 친밀하게 행동하길 좋아한다.,FIRO-B
703,나는 다른 사람들의 행동에 강하게 영향을 미치려고 한다.,FIRO-B
704,나는 사람들이 나를 활동에 초대해 주길 좋아한다.,FIRO-B
705,나는 사람들이 나에게 가깝게 행동하길 좋아한다.,FIRO-B
706,나는 사람들과 있을 때 일을 주도하려고 한다.,FIRO-B
707,나는 사람들이 나를 그들의 활동에 포함해 주길 좋아한다.,FIRO-B
708,나는 사람들과 있을 때 주도적인 사람이 되려고 한다.,FIRO-B
709,나는 사람들이 나에게 이것저것 하자고 초대하는 것을 좋아한다.,FIRO-B
710,나는 사람들이 나에게 친밀하게 행동하길 좋아한다.,FIRO-B
711,나는 다른 사람들에게 내가 원하는 일을 하도록 하려 한다.,FIRO-B
712,나는 사람들이 활동에 나를 초대해 주길 좋아한다.,FIRO-B
713,나는 사람들이 나에게 차갑고 거리를 두는 행동을 하는 것을 좋아한다.,FIRO-B
714,나는 다른 사람들의 행동에 강하게 영향을 미치려고 한다.,FIRO-B
715,나는 사람들이 나에게 친밀하게 행동하길 좋아한다.,FIRO-B
716,나는 사회 조직에 참여하는 경향이 있다.,FIRO-B
717,나는 친밀한 개인적 관계를 피하는 편이다.,FIRO-B
718,나는 사람들이 내 방식대로 일을 하도록 하려 한다.,FIRO-B
719,나는 사람들에게 차갑고 거리를 두고 행동한다.,FIRO-B
720,나는 사람들이 나를 위해 무언가 해 주는 것을 좋아한다.,FIRO-B
721,나는 주변에 사람들이 있는 것을 좋아한다.,FIRO-B
722,나는 사람들이 내 방식대로 일을 하도록 하려 한다.,FIRO-B
723,나는 혼자 있는 것을 피하려 한다.,FIRO-B
724,나는 사람들이 나를 위해 무언가 해 주도록 만들려 한다.,FIRO-B
725,나는 주변에 사람들이 있는 것을 좋아한다.,FIRO-B
726,나는 사람들과 가깝고 개인적으로 지내려고 한다.,FIRO-B
727,나는 친밀한 개인적 관계를 피하려 한다.,FIRO-B
728,나는 필요할 때 다른 사람들이 나를 도와줄 것이라고 느낀다,ASQ-SF
729,나는 다른 사람보다는 나 자신에게 의존하는 것을 선호한다,ASQ-SF
730,나는 혼자 있는 것을 선호한다,ASQ-SF
731,관계를 쌓는 것보다 성취하는 것이 더 중요하다고 느낀다,ASQ-SF
732,다른 사람들과 잘 지내는 것보다 최선을 다하는 것이 더 중요하다,ASQ-SF
733,"해야 할 일이 있다면, 누군가가 상처받더라도 그것을 해야 한다고 생각한다",ASQ-SF
734,다른 사람들이 나를 좋아해 주는 것이 중요하다,ASQ-SF
735,다른 사람들이 어떻게 생각하는지 알지 못하면 결정을 내리기 어렵다,ASQ-SF
736,나의 인간관계는 전반적으로 피상적인 편이다,ASQ-SF
737,나는 때때로 내가 전혀 쓸모없는 사람이라고 느낀다,ASQ-SF
738,나는 다른 사람을 신뢰하는 것이 어렵다,ASQ-SF
739,나는 다른 사람에게 의존하는 것이 어렵다,ASQ-SF
740,다른 사람들이 내가 원하는 만큼 가까워지기를 꺼리는 것 같다,ASQ-SF
741,나는 다른 사람과 가까워지는 것이 비교적 쉽다,ASQ-SF
742,나는 다른 사람을 쉽게 신뢰한다,ASQ-SF
743,나는 다른 사람에게 의존하는 것이 편안하다,ASQ-SF
744,다른 사람들이 나를 내가 그들을 아끼는 만큼 아끼지 않을까 봐 걱정한다,ASQ-SF
745,사람들이 나에게 너무 가까워지는 것이 걱정된다,ASQ-SF
746,나는 다른 사람들에 비해 부족하다고 느낄까 봐 걱정한다,ASQ-SF
747,다른 사람과 가까워지는 것에 대해 복잡한 감정을 느낀다,ASQ-SF
748,왜 사람들이 나와 관계를 맺고 싶어 하는지 궁금할 때가 있다,ASQ-SF
749,나는 나의 인간관계에 대해 많이 걱정한다,ASQ-SF
750,나를 사랑해 주는 사람이 없다면 어떻게 살아갈지 걱정된다,ASQ-SF
751,나는 다른 사람들과 관계를 맺는 데 자신이 있다,ASQ-SF
752,나는 종종 소외되거나 외롭다고 느낀다,ASQ-SF
753,나는 다른 사람들과 잘 어울리지 못한다고 자주 걱정한다,ASQ-SF
754,"다른 사람들도 각자의 문제가 있으니, 내 문제로 그들을 번거롭게 하지 않는다",ASQ-SF
755,"무언가로 괴로워할 때, 다른 사람들은 대체로 그것을 알아차리고 걱정해 준다",ASQ-SF
756,나는 다른 사람들이 나를 좋아하고 존중해 줄 것이라고 확신한다,ASQ-SF
757,내가 매일 먹는 음식의 질,Birkman Method
758,내가 매일 먹는 음식의 양,Birkman Method
759,내가 매일 마시는 물의 질,Birkman Method
760,내가 매일 마시는 물의 양,Birkman Method
761,추운 날씨에 내가 사용하는 난방의 정도,Birkman Method
762,더운 날씨에 내가 사용하는 냉방의 정도,Birkman Method
763,내가 매일 숨 쉬는 공기의 질,Birkman Method
764,내가 경험하는 성생활의 양,Birkman Method
765,내가 경험하는 성생활의 질,Birkman Method
766,내 신체 건강의 전반적인 상태,Birkman Method
767,충분히 이완되었다고 느낄 수 있을 만큼의 수면량,Birkman Method
768,완전히 회복되었다고 느낄 수 있는 수면의 질,Birkman Method
769,건강을 유지하기 위해 내가 하는 운동의 양,Birkman Method
770,몸의 균형을 유지하는 데 도움이 되는 운동의 종류,Birkman Method
771,나의 전반적인 신체적 체력,Birkman Method
772,내가 살고 있는 집이나 아파트의 질,Birkman Method
773,내가 살고 있는 공간에서 사용할 수 있는 여유 공간,Birkman Method
774,내가 살고 있는 공간에서 느끼는 안정감,Birkman Method
775,신체적 공격으로부터 내가 느끼는 안전함,Birkman Method
776,내가 살고 있는 지역의 안전성,Birkman Method
777,질병에 걸릴 위험으로부터 느끼는 안전함,Birkman Method
778,재난으로부터 느끼는 안전함,Birkman Method
779,환경적 위험 요소로부터 느끼는 보호 수준,Birkman Method
780,경찰이 제공하는 보호,Birkman Method
781,법이 제공하는 보호,Birkman Method
782,테러 행위로부터 느끼는 안전함,Birkman Method
783,전쟁 행위로부터 느끼는 안전함,Birkman Method
784,나의 재정적 안정성,Birkman Method
785,필요할 때 돈을 마련할 수 있는 나의 능력,Birkman Method
786,안정적인 노후를 위해 마련해 둔 자금,Birkman Method
787,내가 아는 사람들과 나누는 친밀감의 정도,Birkman Method
788,친구들과의 관계의 질,Birkman Method
789,배우자 또는 파트너에게서 받는 사랑,Birkman Method
790,가족과 나누는 친밀감,Birkman Method
791,직장 동료들과의 유대감,Birkman Method
792,지역 사회에서 환영받고 있다고 느끼는 정도,Birkman Method
793,친척들과 나누는 따뜻함,Birkman Method
794,친구들에게서 받는 정서적 지지,Birkman Method
795,가족과 함께 있을 때 느끼는 소속감,Birkman Method
796,배우자 또는 파트너에게서 받는 돌봄,Birkman Method
797,동반자들과 나누는 행복감,Birkman Method
798,마음을 터놓는 사람들에게서 받는 공감,Birkman Method
799,지인들과 나누는 즐거움,Birkman Method
800,친구들이 나에게 보여주는 애정,Birkman Method
801,지인들과 느끼는 정서적 가까움,Birkman Method
802,다른 사람들로부터 받는 존경,Birkman Method
803,많은 사람들이 나에게 부여하는 명예,Birkman Method
804,사람들이 나를 한 인간으로서 존중하는 정도,Birkman Method
805,다른 사람들이 바라보는 나의 사회적 위상,Birkman Method
806,사람들이 나를 얼마나 높게 평가하는지,Birkman Method
807,사람들이 나에게 느끼는 높은 존중감,Birkman Method
808,다양한 사람들로부터 받는 인정,Birkman Method
809,사람들이 나에게 느끼는 높은 신뢰와 평가,Birkman Method
810,내가 나 자신을 얼마나 좋아하는지,Birkman Method
811,나 자신에 대한 확신의 정도,Birkman Method
812,나 자신을 얼마나 존중하는지,Birkman Method
813,한 인간으로서 내가 가진 좋은 자질들,Birkman Method
814,나의 자존감,Birkman Method
815,내가 스스로에게 부여하는 존중의 정도,Birkman Method
816,한 사람으로서 나 자신에 대해 느끼는 긍정감,Birkman Method
817,나는 내 성격의 모든 면을 편안하게 받아들인다,Birkman Method
818,나는 완전히 자기 충족된 상태라고 느낀다,Birkman Method
819,나는 지금 내가 항상 되고 싶었던 사람이 되어가고 있다,Birkman Method
820,나는 내 가장 깊은 욕구들을 실현하고 있다,Birkman Method
821,나는 원하는 만큼 나 자신을 허용하고 즐긴다,Birkman Method
822,나는 삶에서 원하던 모든 것을 누리고 있다,Birkman Method
823,나는 내 모든 면을 완전히 받아들인다,Birkman Method
824,나의 행동은 항상 나의 가치관에 따라 이루어진다,Birkman Method
825,나는 내가 원하는 방식으로 삶을 살고 있다,Birkman Method
826,나는 내가 좋아하는 일을 원할 때 한다,Birkman Method
827,나는 내 모든 잠재력을 실제로 발휘하고 있다,Birkman Method
828,나는 삶을 최대한 충만하게 살고 있다,Birkman Method
